qMHHOwoAaYECgB;49;yMEpqGsegWXw@4linux.com;?;Rua NIbCtFYJpZtRJg;
TFeiNzjMuAfyYHksx;39;BEjDyrdxPJoniHIDFgZ@4linux.com;?;Rua AEhMBiFAuGgSAiuIyx;
EguHnoFTrUAuUUoery;37;QzqgJRboorIzKjKp@4linux.com;?;Rua LgktJSYDjo;
FDLtOesbqzdqzGe;47;MakWfrgesmuBb@4linux.com;F;Rua qVLKGbVYOPRNTdrRYA;
RyfOocoNhyuEDSN;50;ggQNSQvIOmDqZj@4linux.com;M;Rua kvvnDojQEMsHMXzc;
GAXCbICkOjzNZxU;31;ClNJyJMhNfmTvyQxxYvQ@4linux.com;?;Rua yIParNvhlayIcGup;
fAZzfzvEySnSei;44;wrzgKwORTAnliywEq@4linux.com;M;Rua cSdMqmMvebnTd;
HJBLhUuMHeAogrtbeq;47;akKkICosKJbUdVcLTCnQ@4linux.com;F;Rua IhyoOwKTUCQlBvDuVVYS;
vEeSluRuOmIJTFrgNA;35;wrCGKAsQRlWLKUSH@4linux.com;?;Rua ZRfcRxPsJPO;
MoinSGxEySEgrb;36;qolygpBXCKEeur@4linux.com;?;Rua xoVGMdTrFKHboQRzFd;
XStrcVVPyieJJznYZ;49;doKMuRYdKwolzgkq@4linux.com;M;Rua jeTpYoJAHnSeWAUWG;
jgVjBVFVVKui;43;SCUVGmVBRpREfAMIleo@4linux.com;?;Rua ioMdZJPBgdMUzWsDg;
